118.0,Business Statistics for Competitive Advantage with Excel 2016 ,Cynthia Fraser,1st ed.  2016,http://link.springer.com/openurl?genre=book&isbn=978-3-319-32185-1,placeholder
119.0,Principles of Polymer Chemistry,A. Ravve,3rd ed.  2012,http://link.springer.com/openurl?genre=book&isbn=978-1-4614-2212-9,link.springer.com/content/pdf/10.1007%2F978-1-4614-2212-9.pdf
120.0,A Primer on Scientific Programming with Python,Hans Petter Langtangen,5th ed.  2016,http://link.springer.com/openurl?genre=book&isbn=978-3-662-49887-3,link.springer.com/content/pdf/10.1007%2F978-3-662-49887-3.pdf
121.0,Climate Change Science: A Modern Synthesis,G. Thomas Farmer  John Cook,2013.0,http://link.springer.com/openurl?genre=book&isbn=978-94-007-5757-8,link.springer.com/content/pdf/10.1007%2F978-94-007-5757-8.pdf
122.0,Solar PV and Wind Energy Conversion Systems,S. Sumathi  L. Ashok Kumar  P.  Surekha,2015.0,http://link.springer.com/openurl?genre=book&isbn=978-3-319-14941-7,link.springer.com/content/pdf/10.1007%2F978-3-319-14941-7.pdf
123.0,Statistical Analysis and Data Display,Richard M. Heiberger  Burt Holland,2nd ed.  2015,http://link.springer.com/openurl?genre=book&isbn=978-1-4939-2122-5,link.springer.com/content/pdf/10.1007%2F978-1-4939-2122-5.pdf
124.0,Business Process Management Cases,Jan vom Brocke  Jan Mendling,1st ed.  2018,http://link.springer.com/openurl?genre=book&isbn=978-3-319-58307-5,link.springer.com/content/pdf/10.1007%2F978-3-319-58307-5.pdf
125.0,Elementary Analysis,Kenneth A. Ross,2nd ed.  2013,http://link.springer.com/openurl?genre=book&isbn=978-1-4614-6271-2,link.springer.com/content/pdf/10.1007%2F978-1-4614-6271-2.pdf
126.0,Cryptography Made Simple,Nigel Smart,1st ed.  2016,http://link.springer.com/openurl?genre=book&isbn=978-3-319-21936-3,link.springer.com/content/pdf/10.1007%2F978-3-319-21936-3.pdf
127.0,Fluid Dynamics,Michel Rieutord,2015.0,http://link.springer.com/openurl?genre=book&isbn=978-3-319-09351-2,link.springer.com/content/pdf/10.1007%2F978-3-319-09351-2.pdf
128.0,Social Media Management,Amy Van Looy,1st ed.  2016,http://link.springer.com/openurl?genre=book&isbn=978-3-319-21990-5,link.springer.com/content/pdf/10.1007%2F978-3-319-21990-5.pdf
129.0,Statistics in Criminal Justice,David Weisburd  Chester Britt,4th ed.  2014,http://link.springer.com/openurl?genre=book&isbn=978-1-4614-9170-5,link.springer.com/content/pdf/10.1007%2F978-1-4614-9170-5.pdf
130.0,Supply Chain Management and Advanced Planning,Hartmut Stadtler  Christoph Kilger   Herbert Meyr,5th ed.  2015,http://link.springer.com/openurl?genre=book&isbn=978-3-642-55309-7,link.springer.com/content/pdf/10.1007%2F978-3-642-55309-7.pdf
131.0,Probability Theory,Alexandr A. Borovkov,2013.0,http://link.springer.com/openurl?genre=book&isbn=978-1-4471-5201-9,link.springer.com/content/pdf/10.1007%2F978-1-4471-5201-9.pdf
132.0,Statistics and Data Analysis for Financial Engineering,David Ruppert  David S. Matteson,2nd ed.  2015,http://link.springer.com/openurl?genre=book&isbn=978-1-4939-2614-5,link.springer.com/content/pdf/10.1007%2F978-1-4939-2614-5.pdf
133.0,Readings in Formal Epistemology,Horacio Arló-Costa  Vincent F.  Hendricks  Johan van Benthem,1st ed.  2016,http://link.springer.com/openurl?genre=book&isbn=978-3-319-20451-2,link.springer.com/content/pdf/10.1007%2F978-3-319-20451-2.pdf
134.0,Differential Equations and Their Applications,Martin Braun,4th ed.  1993,http://link.springer.com/openurl?genre=book&isbn=978-1-4612-4360-1,link.springer.com/content/pdf/10.1007%2F978-1-4612-4360-1.pdf
135.0,Nanotechnology: Principles and Practices,Sulabha K. Kulkarni,3rd ed.  2015,http://link.springer.com/openurl?genre=book&isbn=978-3-319-09171-6,link.springer.com/content/pdf/10.1007%2F978-3-319-09171-6.pdf
136.0,Epidemiological Research: Terms and Concepts,O. S. Miettinen,2011.0,http://link.springer.com/openurl?genre=book&isbn=978-94-007-1171-6,link.springer.com/content/pdf/10.1007%2F978-94-007-1171-6.pdf
137.0,Multinational Management,Rien Segers,1st ed.  2016,http://link.springer.com/openurl?genre=book&isbn=978-3-319-23012-2,link.springer.com/content/pdf/10.1007%2F978-3-319-23012-2.pdf
138.0,Partial Differential Equations,Jürgen Jost,3rd ed.  2013,http://link.springer.com/openurl?genre=book&isbn=978-1-4614-4809-9,link.springer.com/content/pdf/10.1007%2F978-1-4614-4809-9.pdf
139.0,Bayesian and Frequentist Regression Methods,Jon Wakefield,2013.0,http://link.springer.com/openurl?genre=book&isbn=978-1-4419-0925-1,link.springer.com/content/pdf/10.1007%2F978-1-4419-0925-1.pdf
140.0,Strategic International Management,Dirk Morschett  Hanna Schramm- Klein  Joachim Zentes,3rd ed.  2015,http://link.springer.com/openurl?genre=book&isbn=978-3-658-07884-3,link.springer.com/content/pdf/10.1007%2F978-3-658-07884-3.pdf
141.0,Basic Concepts in Computational Physics,Benjamin A. Stickler  Ewald  Schachinger,2nd ed.  2016,http://link.springer.com/openurl?genre=book&isbn=978-3-319-27265-8,link.springer.com/content/pdf/10.1007%2F978-3-319-27265-8.pdf
142.0,Eye Tracking Methodology,Andrew T. Duchowski,3rd ed.  2017,http://link.springer.com/openurl?genre=book&isbn=978-3-319-57883-5,link.springer.com/content/pdf/10.1007%2F978-3-319-57883-5.pdf
143.0,Writing for Publication,Mary Renck Jalongo  Olivia N. Saracho,1st ed.  2016,http://link.springer.com/openurl?genre=book&isbn=978-3-319-31650-5,link.springer.com/content/pdf/10.1007%2F978-3-319-31650-5.pdf
144.0,Mathematical Physics,Sadri Hassani,2nd ed.  2013,http://link.springer.com/openurl?genre=book&isbn=978-3-319-01195-0,link.springer.com/content/pdf/10.1007%2F978-3-319-01195-0.pdf
145.0,Correctional Counseling and Treatment,Peter C. Kratcoski,6th ed.  2017,http://link.springer.com/openurl?genre=book&isbn=978-3-319-54349-9,link.springer.com/content/pdf/10.1007%2F978-3-319-54349-9.pdf
146.0,Thermodynamics and Energy Conversion,Henning Struchtrup,2014.0,http://link.springer.com/openurl?genre=book&isbn=978-3-662-43715-5,link.springer.com/content/pdf/10.1007%2F978-3-662-43715-5.pdf
147.0,The Action Research Planner,Stephen Kemmis  Robin McTaggart   Rhonda Nixon,2014.0,http://link.springer.com/openurl?genre=book&isbn=978-981-4560-67-2,link.springer.com/content/pdf/10.1007%2F978-981-4560-67-2.pdf
148.0,Stochastic Processes and Calculus,Uwe Hassler,1st ed.  2016,http://link.springer.com/openurl?genre=book&isbn=978-3-319-23428-1,link.springer.com/content/pdf/10.1007%2F978-3-319-23428-1.pdf
149.0,Statistical Analysis of Clinical Data on a Pocket Calculator,Ton J. Cleophas  Aeilko H.  Zwinderman,2011.0,http://link.springer.com/openurl?genre=book&isbn=978-94-007-1211-9,link.springer.com/content/pdf/10.1007%2F978-94-007-1211-9.pdf
150.0,Clinical Data Analysis on a Pocket Calculator,Ton J. Cleophas  Aeilko H.  Zwinderman,2nd ed.  2016,http://link.springer.com/openurl?genre=book&isbn=978-3-319-27104-0,link.springer.com/content/pdf/10.1007%2F978-3-319-27104-0.pdf
151.0,The Data Science Design Manual,Steven S. Skiena,1st ed.  2017,http://link.springer.com/openurl?genre=book&isbn=978-3-319-55444-0,link.springer.com/content/pdf/10.1007%2F978-3-319-55444-0.pdf
152.0,An Introduction to Machine Learning,Miroslav Kubat,2nd ed.  2017,http://link.springer.com/openurl?genre=book&isbn=978-3-319-63913-0,link.springer.com/content/pdf/10.1007%2F978-3-319-63913-0.pdf
153.0,Guide to Discrete Mathematics,Gerard O'Regan,1st ed.  2016,http://link.springer.com/openurl?genre=book&isbn=978-3-319-44561-8,link.springer.com/content/pdf/10.1007%2F978-3-319-44561-8.pdf
154.0,Petroleum Geoscience,Knut Bjørlykke,2nd ed.  2015,http://link.springer.com/openurl?genre=book&isbn=978-3-642-34132-8,link.springer.com/content/pdf/10.1007%2F978-3-642-34132-8.pdf
155.0,Structure Determination by X-ray Crystallography,Mark Ladd  Rex Palmer,5th ed.  2013,http://link.springer.com/openurl?genre=book&isbn=978-1-4614-3954-7,link.springer.com/content/pdf/10.1007%2F978-1-4614-3954-7.pdf
156.0,Introduction to Time Series and Forecasting,Peter J. Brockwell  Richard A. Davis,3rd ed.  2016,http://link.springer.com/openurl?genre=book&isbn=978-3-319-29854-2,link.springer.com/content/pdf/10.1007%2F978-3-319-29854-2.pdf
157.0,Principles of Mobile Communication,Gordon L. Stüber,4th ed.  2017,http://link.springer.com/openurl?genre=book&isbn=978-3-319-55615-4,link.springer.com/content/pdf/10.1007%2F978-3-319-55615-4.pdf
158.0,Cardiovascular Biomechanics,Peter R. Hoskins  Patricia V. Lawford   Barry J. Doyle,1st ed.  2017,http://link.springer.com/openurl?genre=book&isbn=978-3-319-46407-7,link.springer.com/content/pdf/10.1007%2F978-3-319-46407-7.pdf
159.0,Introduction to Smooth Manifolds,John Lee,2nd ed.  2013,http://link.springer.com/openurl?genre=book&isbn=978-1-4419-9982-5,link.springer.com/content/pdf/10.1007%2F978-1-4419-9982-5.pdf
160.0,Taxation in European Union,Pietro Boria,2nd ed.  2017,http://link.springer.com/openurl?genre=book&isbn=978-3-319-53919-5,link.springer.com/content/pdf/10.1007%2F978-3-319-53919-5.pdf
161.0,Essentials of Cerebellum and Cerebellar Disorders,Mario Manto  Marco Molinari  Jeremy D. Schmahmann  Ying Shen,1st ed.  2016,http://link.springer.com/openurl?genre=book&isbn=978-3-319-24551-5,link.springer.com/content/pdf/10.1007%2F978-3-319-24551-5.pdf
162.0,Language Across the Curriculum & CLIL in English as an Additional Lang,uAngel M.Y. Lin,1st ed.  2016,http://link.springer.com/openurl?genre=book&isbn=978-981-10-1802-2,link.springer.com/content/pdf/10.1007%2F978-981-10-1802-2.pdf
163.0,Multivariate Calculus and Geometry,Seán Dineen,3rd ed.  2014,http://link.springer.com/openurl?genre=book&isbn=978-1-4471-6419-7,link.springer.com/content/pdf/10.1007%2F978-1-4471-6419-7.pdf
164.0,Statistics and Analysis of Scientific Data,Massimiliano Bonamente,2nd ed.  2017,http://link.springer.com/openurl?genre=book&isbn=978-1-4939-6572-4,link.springer.com/content/pdf/10.1007%2F978-1-4939-6572-4.pdf
165.0,Modelling Computing Systems,Faron Moller  Georg Struth,2013.0,http://link.springer.com/openurl?genre=book&isbn=978-1-84800-322-4,link.springer.com/content/pdf/10.1007%2F978-1-84800-322-4.pdf
166.0,Search Methodologies,Edmund K. Burke  Graham Kendall,2nd ed.  2014,http://link.springer.com/openurl?genre=book&isbn=978-1-4614-6940-7,link.springer.com/content/pdf/10.1007%2F978-1-4614-6940-7.pdf
167.0,Representation Theory,William Fulton  Joe Harris,2004.0,http://link.springer.com/openurl?genre=book&isbn=978-1-4612-0979-9,link.springer.com/content/pdf/10.1007%2F978-1-4612-0979-9.pdf
168.0,Linear Algebra Done Right,Sheldon Axler,3rd ed.  2015,http://link.springer.com/openurl?genre=book&isbn=978-3-319-11080-6,link.springer.com/content/pdf/10.1007%2F978-3-319-11080-6.pdf
169.0,Stellar Structure and Evolution,Rudolf Kippenhahn  Alfred Weigert   Achim Weiss,2nd ed.  2012,http://link.springer.com/openurl?genre=book&isbn=978-3-642-30304-3,link.springer.com/content/pdf/10.1007%2F978-3-642-30304-3.pdf
170.0,Evolutionary Thinking in Medicine,Alexandra Alvergne  Crispin  Jenkinson  Charlotte Faurie,1st ed.  2016,http://link.springer.com/openurl?genre=book&isbn=978-3-319-29716-3,link.springer.com/content/pdf/10.1007%2F978-3-319-29716-3.pdf
171.0,Understanding Cryptography,Christof Paar  Jan Pelzl,2010.0,http://link.springer.com/openurl?genre=book&isbn=978-3-642-04101-3,link.springer.com/content/pdf/10.1007%2F978-3-642-04101-3.pdf
172.0,Linear Algebra,Jörg Liesen  Volker Mehrmann,1st ed.  2015,http://link.springer.com/openurl?genre=book&isbn=978-3-319-24346-7,link.springer.com/content/pdf/10.1007%2F978-3-319-24346-7.pdf
173.0,Algebra,Serge Lang,3rd ed.  2002,http://link.springer.com/openurl?genre=book&isbn=978-1-4613-0041-0,link.springer.com/content/pdf/10.1007%2F978-1-4613-0041-0.pdf
174.0,Understanding Analysis,Stephen Abbott,2nd ed.  2015,http://link.springer.com/openurl?genre=book&isbn=978-1-4939-2712-8,link.springer.com/content/pdf/10.1007%2F978-1-4939-2712-8.pdf
175.0,Plate Tectonics,Wolfgang Frisch  Martin Meschede   Ronald C. Blakey,2011.0,http://link.springer.com/openurl?genre=book&isbn=978-3-540-76504-2,link.springer.com/content/pdf/10.1007%2F978-3-540-76504-2.pdf
176.0,Linear Programming,Robert J Vanderbei,4th ed.  2014,http://link.springer.com/openurl?genre=book&isbn=978-1-4614-7630-6,link.springer.com/content/pdf/10.1007%2F978-1-4614-7630-6.pdf
177.0,The Nature of Scientific Knowledge,Kevin McCain,1st ed.  2016,http://link.springer.com/openurl?genre=book&isbn=978-3-319-33405-9,link.springer.com/content/pdf/10.1007%2F978-3-319-33405-9.pdf
178.0,Leadership Today,Joan Marques  Satinder Dhiman,1st ed.  2017,http://link.springer.com/openurl?genre=book&isbn=978-3-319-31036-7,link.springer.com/content/pdf/10.1007%2F978-3-319-31036-7.pdf
179.0,Physics of Semiconductor Devices,Massimo Rudan,2015.0,http://link.springer.com/openurl?genre=book&isbn=978-1-4939-1151-6,link.springer.com/content/pdf/10.1007%2F978-1-4939-1151-6.pdf
180.0,Corporate Social Responsibility,John O. Okpara  Samuel O. Idowu,2013.0,http://link.springer.com/openurl?genre=book&isbn=978-3-642-40975-2,link.springer.com/content/pdf/10.1007%2F978-3-642-40975-2.pdf
181.0,Ordinary Differential Equations,William A. Adkins  Mark G. Davidson,2012.0,http://link.springer.com/openurl?genre=book&isbn=978-1-4614-3618-8,link.springer.com/content/pdf/10.1007%2F978-1-4614-3618-8.pdf
182.0,Electronic Commerce,Lee  Ting-Peng Liang  Deborrah C.  Turban,8th ed.  2015,http://link.springer.com/openurl?genre=book&isbn=978-3-319-10091-3,link.springer.com/content/pdf/10.1007%2F978-3-319-10091-3.pdf
183.0,Ceramic Materials,C. Barry Carter  M. Grant Norton,2nd ed.  2013,http://link.springer.com/openurl?genre=book&isbn=978-1-4614-3523-5,link.springer.com/content/pdf/10.1007%2F978-1-4614-3523-5.pdf
184.0,Foundations of Analytical Chemistry,López-Lorente  Ma Ángeles López- Jiménez,1st ed.  2018,http://link.springer.com/openurl?genre=book&isbn=978-3-319-62872-1,link.springer.com/content/pdf/10.1007%2F978-3-319-62872-1.pdf
185.0,Life Cycle Assessment,Michael Z. Hauschild  Ralph K.  Rosenbaum  Stig Irving Olsen,1st ed.  2018,http://link.springer.com/openurl?genre=book&isbn=978-3-319-56475-3,link.springer.com/content/pdf/10.1007%2F978-3-319-56475-3.pdf
186.0,A Clinical Guide to the Treatment of the Human Stress Response,George S. Everly  Jr.  Jeffrey M. Lating,3rd ed.  2013,http://link.springer.com/openurl?genre=book&isbn=978-1-4614-5538-7,link.springer.com/content/pdf/10.1007%2F978-1-4614-5538-7.pdf
187.0,Computational Physics,Philipp Scherer,2nd ed.  2013,http://link.springer.com/openurl?genre=book&isbn=978-3-319-00401-3,link.springer.com/content/pdf/10.1007%2F978-3-319-00401-3.pdf
188.0,Handbook of LGBT Elders,Debra A. Harley  Pamela B. Teaster,1st ed.  2016,http://link.springer.com/openurl?genre=book&isbn=978-3-319-03623-6,link.springer.com/content/pdf/10.1007%2F978-3-319-03623-6.pdf
189.0,Handbook of Cardiac Anatomy  Physiology  and Devices,Paul A. Iaizzo,3rd ed.  2015,http://link.springer.com/openurl?genre=book&isbn=978-3-319-19464-6,link.springer.com/content/pdf/10.1007%2F978-3-319-19464-6.pdf
190.0,Quantum Mechanics,Daniel Bes,3rd ed.  2012,http://link.springer.com/openurl?genre=book&isbn=978-3-642-20556-9,link.springer.com/content/pdf/10.1007%2F978-3-642-20556-9.pdf
191.0,Understanding Statistics Using R,Randall Schumacker  Sara Tomek,2013.0,http://link.springer.com/openurl?genre=book&isbn=978-1-4614-6227-9,link.springer.com/content/pdf/10.1007%2F978-1-4614-6227-9.pdf
192.0,Mass Spectrometry,Jürgen H Gross,3rd ed.  2017,http://link.springer.com/openurl?genre=book&isbn=978-3-319-54398-7,link.springer.com/content/pdf/10.1007%2F978-3-319-54398-7.pdf
193.0,Statistical Mechanics for Engineers,Isamu Kusaka,1st ed.  2015,http://link.springer.com/openurl?genre=book&isbn=978-3-319-15018-5,link.springer.com/content/pdf/10.1007%2F978-3-319-13809-1.pdf
194.0,The Gastrointestinal System,Po Sing Leung,2014.0,http://link.springer.com/openurl?genre=book&isbn=978-94-017-8771-0,link.springer.com/content/pdf/10.1007%2F978-94-017-8771-0.pdf
195.0,Additive Manufacturing Technologies,Ian Gibson  David Rosen  Brent  Stucker,2nd ed.  2015,http://link.springer.com/openurl?genre=book&isbn=978-1-4939-2113-3,link.springer.com/content/pdf/10.1007%2F978-1-4939-2113-3.pdf
196.0,Magnetic Interactions in Molecules and Solids,Coen de Graaf  Ria Broer,1st ed.  2016,http://link.springer.com/openurl?genre=book&isbn=978-3-319-22951-5,link.springer.com/content/pdf/10.1007%2F978-3-319-22951-5.pdf
197.0,Electricity and Magnetism,Teruo Matsushita,2014.0,http://link.springer.com/openurl?genre=book&isbn=978-4-431-54526-2,link.springer.com/content/pdf/10.1007%2F978-4-431-54526-2.pdf
198.0,Survival Analysis,David G. Kleinbaum  Mitchel Klein,3rd ed.  2012,http://link.springer.com/openurl?genre=book&isbn=978-1-4419-6646-9,link.springer.com/content/pdf/10.1007%2F978-1-4419-6646-9.pdf
199.0,Foundations of Quantum Mechanics,Travis Norsen,1st ed.  2017,http://link.springer.com/openurl?genre=book&isbn=978-3-319-65867-4,link.springer.com/content/pdf/10.1007%2F978-3-319-65867-4.pdf
200.0,An Introduction to Statistical Learning,Gareth James  Daniela Witten  Trevor  Hastie  Robert Tibshirani,2013.0,http://link.springer.com/openurl?genre=book&isbn=978-1-4614-7138-7,link.springer.com/content/pdf/10.1007%2F978-1-4614-7138-7.pdf
201.0,Introduction to Mathematica® for Physicists,Andrey Grozin,2014.0,http://link.springer.com/openurl?genre=book&isbn=978-3-319-00894-3,link.springer.com/content/pdf/10.1007%2F978-3-319-00894-3.pdf
202.0,Statistical Learning from a Regression Perspective,Richard A. Berk,2nd ed.  2016,http://link.springer.com/openurl?genre=book&isbn=978-3-319-44048-4,link.springer.com/content/pdf/10.1007%2F978-3-319-44048-4.pdf
203.0,Applied Partial Differential Equations,J. David Logan,3rd ed.  2015,http://link.springer.com/openurl?genre=book&isbn=978-3-319-12493-3,link.springer.com/content/pdf/10.1007%2F978-3-319-12493-3.pdf
204.0,Principles of Astrophysics,Charles Keeton,2014.0,http://link.springer.com/openurl?genre=book&isbn=978-1-4614-9236-8,link.springer.com/content/pdf/10.1007%2F978-1-4614-9236-8.pdf
205.0,Air Pollution and Greenhouse Gases,Zhongchao Tan,2014.0,http://link.springer.com/openurl?genre=book&isbn=978-981-287-212-8,link.springer.com/content/pdf/10.1007%2F978-981-287-212-8.pdf
206.0,Polymer Synthesis: Theory and Practice,Matthias Rehahn  Helmut Ritter   Brigitte Voit,5th ed.  2013,http://link.springer.com/openurl?genre=book&isbn=978-3-642-28980-4,link.springer.com/content/pdf/10.1007%2F978-3-642-28980-4.pdf
207.0,Sustainable Supply Chains,Yann Bouchery  Charles J. Corbett  Jan C. Fransoo  Tarkan Tan,1st ed.  2017,http://link.springer.com/openurl?genre=book&isbn=978-3-319-29791-0,link.springer.com/content/pdf/10.1007%2F978-3-319-29791-0.pdf
208.0,Robotics,Bruno Siciliano  Lorenzo Sciavicco   Luigi Villani  Giuseppe Oriolo,2009.0,http://link.springer.com/openurl?genre=book&isbn=978-1-84628-642-1,link.springer.com/content/pdf/10.1007%2F978-1-84628-642-1.pdf
209.0,Econometrics,Badi H. Baltagi,5th ed.  2011,http://link.springer.com/openurl?genre=book&isbn=978-3-642-20059-5,link.springer.com/content/pdf/10.1007%2F978-3-642-20059-5.pdf
210.0,The Sea Floor,Eugen Seibold  Wolfgang Berger,4th ed.  2017,http://link.springer.com/openurl?genre=book&isbn=978-3-319-51412-3,link.springer.com/content/pdf/10.1007%2F978-3-319-51412-3.pdf
211.0,SPSS for Starters and 2nd Levelers,Ton J. Cleophas  Aeilko H.  Zwinderman,2nd ed.  2016,http://link.springer.com/openurl?genre=book&isbn=978-3-319-20600-4,link.springer.com/content/pdf/10.1007%2F978-3-319-20600-4.pdf
212.0,Regression Modeling Strategies,Frank E. Harrell   Jr.,2nd ed.  2015,http://link.springer.com/openurl?genre=book&isbn=978-3-319-19425-7,link.springer.com/content/pdf/10.1007%2F978-3-319-19425-7.pdf
213.0,Legal Dynamics of EU External Relations,Henri de Waele,2nd ed.  2017,http://link.springer.com/openurl?genre=book&isbn=978-3-662-54817-2,link.springer.com/content/pdf/10.1007%2F978-3-662-54817-2.pdf
214.0,Food Analysis Laboratory Manual,S. Suzanne Nielsen,3rd ed.  2017,http://link.springer.com/openurl?genre=book&isbn=978-3-319-44127-6,link.springer.com/content/pdf/10.1007%2F978-3-319-44127-6.pdf
215.0,Principles of Musical Acoustics,William M. Hartmann,2013.0,http://link.springer.com/openurl?genre=book&isbn=978-1-4614-6786-1,link.springer.com/content/pdf/10.1007%2F978-1-4614-6786-1.pdf
216.0,Fundamentals of Structural Engineering,Jerome J. Connor  Susan Faraji,2nd ed.  2016,http://link.springer.com/openurl?genre=book&isbn=978-3-319-24331-3,link.springer.com/content/pdf/10.1007%2F978-3-319-24331-3.pdf
217.0,Basics of Laser Physics,Karl F. Renk,2nd ed.  2017,http://link.springer.com/openurl?genre=book&isbn=978-3-319-50651-7,link.springer.com/content/pdf/10.1007%2F978-3-319-50651-7.pdf
218.0,Applied Quantitative Finance,Wolfgang Karl Härdle  Cathy Yi-Hsuan  Chen  Ludger Overbeck,3rd ed.  2017,http://link.springer.com/openurl?genre=book&isbn=978-3-662-54486-0,link.springer.com/content/pdf/10.1007%2F978-3-662-54486-0.pdf
219.0,Handbook of Marriage and the Family,Gary W. Peterson  Kevin R. Bush,3rd ed.  2013,http://link.springer.com/openurl?genre=book&isbn=978-1-4614-3987-5,link.springer.com/content/pdf/10.1007%2F978-1-4614-3987-5.pdf
220.0,Solid-State Physics,Harald Ibach  Hans Lüth,4th ed.  2009,http://link.springer.com/openurl?genre=book&isbn=978-3-540-93804-0,link.springer.com/content/pdf/10.1007%2F978-3-540-93804-0.pdf
221.0,Electrochemical Impedance Spectroscopy and its Applications,Andrzej Lasia,2014.0,http://link.springer.com/openurl?genre=book&isbn=978-1-4614-8933-7,link.springer.com/content/pdf/10.1007%2F978-1-4614-8933-7.pdf
222.0,Economics as Applied Ethics,Wilfred Beckerman,2nd ed.  2017,http://link.springer.com/openurl?genre=book&isbn=978-3-319-50319-6,link.springer.com/content/pdf/10.1007%2F978-3-319-50319-6.pdf
223.0,Electronics for Embedded Systems,Ahmet Bindal,1st ed.  2017,http://link.springer.com/openurl?genre=book&isbn=978-3-319-39439-8,link.springer.com/content/pdf/10.1007%2F978-3-319-39439-8.pdf
224.0,Concise Guide to Software Engineering,Gerard O'Regan,1st ed.  2017,http://link.springer.com/openurl?genre=book&isbn=978-3-319-57750-0,link.springer.com/content/pdf/10.1007%2F978-3-319-57750-0.pdf
225.0,Fundamentals of Multimedia,Ze-Nian Li  Mark S. Drew  Jiangchuan  Liu,2nd ed.  2014,http://link.springer.com/openurl?genre=book&isbn=978-3-319-05290-8,link.springer.com/content/pdf/10.1007%2F978-3-319-05290-8.pdf
226.0,Logistics,Harald Gleissner  J. Christian  Femerling,2013.0,http://link.springer.com/openurl?genre=book&isbn=978-3-319-01769-3,link.springer.com/content/pdf/10.1007%2F978-3-319-01769-3.pdf
227.0,Group Theory Applied to Chemistry,Arnout Jozef Ceulemans,2013.0,http://link.springer.com/openurl?genre=book&isbn=978-94-007-6863-5,link.springer.com/content/pdf/10.1007%2F978-94-007-6863-5.pdf
228.0,The Psychology of Social Status,Joey T. Cheng  Jessica L. Tracy   Cameron Anderson,2014.0,http://link.springer.com/openurl?genre=book&isbn=978-1-4939-0867-7,link.springer.com/content/pdf/10.1007%2F978-1-4939-0867-7.pdf
229.0,A Modern Introduction to Probability and Statistics,F.M. Dekking  C. Kraaikamp  H.P.  Lopuhaä  L.E. Meester,2005.0,http://link.springer.com/openurl?genre=book&isbn=978-1-84628-168-6,link.springer.com/content/pdf/10.1007%2F1-84628-168-7.pdf
230.0,Complex Analysis,Joseph Bak  Donald J. Newman,3rd ed.  2010,http://link.springer.com/openurl?genre=book&isbn=978-1-4419-7288-0,link.springer.com/content/pdf/10.1007%2F978-1-4419-7288-0.pdf
231.0,Food Chemistry,H.-D. Belitz  Werner Grosch  Peter  Schieberle,4th ed.  2009,http://link.springer.com/openurl?genre=book&isbn=978-3-540-69934-7,link.springer.com/content/pdf/10.1007%2F978-3-540-69934-7.pdf
232.0,Exam Survival Guide: Physical Chemistry,Jochen Vogt,1st ed.  2017,http://link.springer.com/openurl?genre=book&isbn=978-3-319-49810-2,link.springer.com/content/pdf/10.1007%2F978-3-319-49810-2.pdf
233.0,The Python Workbook,Ben Stephenson,2014.0,http://link.springer.com/openurl?genre=book&isbn=978-3-319-14240-1,link.springer.com/content/pdf/10.1007%2F978-3-319-14240-1.pdf
234.0,Practical Electrical Engineering,Sergey N. Makarov  Reinhold Ludwig   Stephen J. Bitar,1st ed.  2016,http://link.springer.com/openurl?genre=book&isbn=978-3-319-21173-2,link.springer.com/content/pdf/10.1007%2F978-3-319-21173-2.pdf
235.0,Strategic Retail Management,Joachim Zentes  Dirk Morschett   Hanna Schramm-Klein,3rd ed.  2017,http://link.springer.com/openurl?genre=book&isbn=978-3-658-10183-1,link.springer.com/content/pdf/10.1007%2F978-3-658-10183-1.pdf
236.0,Food Analysis,S. Suzanne Nielsen,5th ed.  2017,http://link.springer.com/openurl?genre=book&isbn=978-3-319-45776-5,link.springer.com/content/pdf/10.1007%2F978-3-319-45776-5.pdf
237.0,Psychoeducational Assessment and Report Writing,Stefan C. Dombrowski,2015.0,http://link.springer.com/openurl?genre=book&isbn=978-1-4939-1911-6,link.springer.com/content/pdf/10.1007%2F978-1-4939-1911-6.pdf
238.0,Machine Learning in Medicine - a Complete Overview,Ton J. Cleophas  Aeilko H.  Zwinderman,2015.0,http://link.springer.com/openurl?genre=book&isbn=978-3-319-15195-3,link.springer.com/content/pdf/10.1007%2F978-3-319-15195-3.pdf
239.0,Evidence-Based Interventions for Children with Challenging Behavior,Ogg  Ashley N. Sundman-Wheat   Audra St. John Walsh,2014.0,http://link.springer.com/openurl?genre=book&isbn=978-1-4614-7807-2,link.springer.com/content/pdf/10.1007%2F978-1-4614-7807-2.pdf
240.0,Principles of Quantum Mechanics,R. Shankar,2nd ed.  1994,http://link.springer.com/openurl?genre=book&isbn=978-1-4757-0576-8,link.springer.com/content/pdf/10.1007%2F978-1-4757-0576-8.pdf
241.0,Recommender Systems,Charu C. Aggarwal,1st ed.  2016,http://link.springer.com/openurl?genre=book&isbn=978-3-319-29659-3,link.springer.com/content/pdf/10.1007%2F978-3-319-29659-3.pdf
242.0,Pharmaceutical Biotechnology,Daan J. A. Crommelin  Robert D.  Sindelar  Bernd Meibohm,4th ed.  2013,http://link.springer.com/openurl?genre=book&isbn=978-1-4614-6486-0,link.springer.com/content/pdf/10.1007%2F978-1-4614-6486-0.pdf
243.0,Python Programming Fundamentals,Kent D. Lee,2nd ed.  2014,http://link.springer.com/openurl?genre=book&isbn=978-1-4471-6642-9,link.springer.com/content/pdf/10.1007%2F978-1-4471-6642-9.pdf
244.0,The Finite Element Method and Applications in Engineering Using ANSY,Erdogan Madenci  Ibrahim Guven,2nd ed.  2015,http://link.springer.com/openurl?genre=book&isbn=978-1-4899-7550-8,link.springer.com/content/pdf/10.1007%2F978-1-4899-7550-8.pdf
245.0,Group Theory,Mildred S. Dresselhaus  Gene  Dresselhaus  Ado Jorio,2008.0,http://link.springer.com/openurl?genre=book&isbn=978-3-540-32899-5,link.springer.com/content/pdf/10.1007%2F978-3-540-32899-5.pdf
246.0,Object-Oriented Analysis  Design and Implementation,Brahma Dathan  Sarnath Ramnath,2nd ed.  2015,http://link.springer.com/openurl?genre=book&isbn=978-3-319-24280-4,link.springer.com/content/pdf/10.1007%2F978-3-319-24280-4.pdf
247.0,Introduction to Embedded Systems,Manuel Jiménez  Rogelio Palomera   Isidoro Couvertier,2014.0,http://link.springer.com/openurl?genre=book&isbn=978-1-4614-3143-5,link.springer.com/content/pdf/10.1007%2F978-1-4614-3143-5.pdf
248.0,Elementary Mechanics Using Matlab,Anders Malthe-Sørenssen,2015.0,http://link.springer.com/openurl?genre=book&isbn=978-3-319-19587-2,link.springer.com/content/pdf/10.1007%2F978-3-319-19587-2.pdf
249.0,An Introduction to Biomechanics,Jay D. Humphrey  Sherry L. O’Rourke,2nd ed.  2015,http://link.springer.com/openurl?genre=book&isbn=978-1-4939-2623-7,link.springer.com/content/pdf/10.1007%2F978-1-4939-2623-7.pdf
250.0,New Introduction to Multiple Time Series Analysis,Helmut Lütkepohl,2005.0,http://link.springer.com/openurl?genre=book&isbn=978-3-540-27752-1,link.springer.com/content/pdf/10.1007%2F978-3-540-27752-1.pdf
251.0,Introduction to Data Science,Laura Igual  Santi Seguí,1st ed.  2017,http://link.springer.com/openurl?genre=book&isbn=978-3-319-50017-1,link.springer.com/content/pdf/10.1007%2F978-3-319-50017-1.pdf
252.0,Calculus With Applications,Peter D. Lax  Maria Shea Terrell,2nd ed.  2014,http://link.springer.com/openurl?genre=book&isbn=978-1-4614-7946-8,link.springer.com/content/pdf/10.1007%2F978-1-4614-7946-8.pdf
253.0,An Introduction to Soil Mechanics,Arnold Verruijt,1st ed.  2018,http://link.springer.com/openurl?genre=book&isbn=978-3-319-61185-3,link.springer.com/content/pdf/10.1007%2F978-3-319-61185-3.pdf
254.0,Game Theory,Hans Peters,2nd ed.  2015,http://link.springer.com/openurl?genre=book&isbn=978-3-662-46950-7,link.springer.com/content/pdf/10.1007%2F978-3-662-46950-7.pdf
255.0,Fundamentals of Clinical Trials,Furberg  David L. DeMets  David M.  Reboussin  Christopher B. Granger,5th ed.  2015,http://link.springer.com/openurl?genre=book&isbn=978-3-319-18539-2,link.springer.com/content/pdf/10.1007%2F978-3-319-18539-2.pdf
256.0,The Finite Volume Method in Computational Fluid Dynamics,F. Moukalled  L. Mangani  M. Darwish,1st ed.  2016,http://link.springer.com/openurl?genre=book&isbn=978-3-319-16874-6,link.springer.com/content/pdf/10.1007%2F978-3-319-16874-6.pdf
257.0,The ASCRS Textbook of Colon and Rectal Surgery,E. Read  Theodore J. Saclarides   Anthony J. Senagore  Charles B. ,3rd ed.  2016,http://link.springer.com/openurl?genre=book&isbn=978-3-319-25970-3,link.springer.com/content/pdf/10.1007%2F978-3-319-25970-3.pdf
258.0,Applied Predictive Modeling,Max Kuhn  Kjell Johnson,2013.0,http://link.springer.com/openurl?genre=book&isbn=978-1-4614-6849-3,link.springer.com/content/pdf/10.1007%2F978-1-4614-6849-3.pdf
259.0,Introduction to Logic Circuits & Logic Design with VHDL ,Brock J. LaMeres,1st ed.  2017,http://link.springer.com/openurl?genre=book&isbn=978-3-319-34195-8,link.springer.com/content/pdf/10.1007%2F978-3-319-34195-8.pdf
260.0,Sustainability Science,Harald Heinrichs  Pim Martens  Gerd  Michelsen  Arnim Wiek,1st ed.  2016,http://link.springer.com/openurl?genre=book&isbn=978-94-017-7242-6,link.springer.com/content/pdf/10.1007%2F978-94-017-7242-6.pdf
261.0,Physical Chemistry from a Different Angle,Georg Job  Regina Rüffler,1st ed.  2016,http://link.springer.com/openurl?genre=book&isbn=978-3-319-15666-8,link.springer.com/content/pdf/10.1007%2F978-3-319-15666-8.pdf
262.0,The Physics of Semiconductors,Marius Grundmann,3rd ed.  2016,http://link.springer.com/openurl?genre=book&isbn=978-3-319-23880-7,link.springer.com/content/pdf/10.1007%2F978-3-319-23880-7.pdf
263.0,Energy Harvesting and Energy Efficiency,Nicu Bizon  Naser Mahdavi  Tabatabaei  Frede Blaabjerg  Erol Kurt,1st ed.  2017,http://link.springer.com/openurl?genre=book&isbn=978-3-319-49875-1,link.springer.com/content/pdf/10.1007%2F978-3-319-49875-1.pdf
264.0,Python For ArcGIS,Laura Tateosian,1st ed.  2015,http://link.springer.com/openurl?genre=book&isbn=978-3-319-18398-5,link.springer.com/content/pdf/10.1007%2F978-3-319-18398-5.pdf
265.0,Statics and Mechanics of Structures,Steen Krenk  Jan Høgsberg,2013.0,http://link.springer.com/openurl?genre=book&isbn=978-94-007-6113-1,link.springer.com/content/pdf/10.1007%2F978-94-007-6113-1.pdf
266.0,Real Analysis,Miklós Laczkovich  Vera T. Sós,1st ed.  2015,http://link.springer.com/openurl?genre=book&isbn=978-1-4939-2766-1,link.springer.com/content/pdf/10.1007%2F978-1-4939-2766-1.pdf
267.0,MATLAB for Psychologists,Mauro Borgo  Alessandro Soranzo   Massimo Grassi,2012.0,http://link.springer.com/openurl?genre=book&isbn=978-1-4614-2197-9,link.springer.com/content/pdf/10.1007%2F978-1-4614-2197-9.pdf
268.0,Physical Asset Management,Nicholas Anthony John Hastings,2nd ed.  2015,http://link.springer.com/openurl?genre=book&isbn=978-3-319-14777-2,link.springer.com/content/pdf/10.1007%2F978-3-319-14777-2.pdf
269.0,Essentials of Food Science,Vickie A. Vaclavik  Elizabeth W.  Christian,4th ed.  2014,http://link.springer.com/openurl?genre=book&isbn=978-1-4614-9138-5,link.springer.com/content/pdf/10.1007%2F978-1-4614-9138-5.pdf
270.0,Quantum Mechanics,K.T. Hecht,2000.0,http://link.springer.com/openurl?genre=book&isbn=978-1-4612-1272-0,link.springer.com/content/pdf/10.1007%2F978-1-4612-1272-0.pdf
271.0,Probability Theory,Achim Klenke,2nd ed.  2014,http://link.springer.com/openurl?genre=book&isbn=978-1-4471-5361-0,link.springer.com/content/pdf/10.1007%2F978-1-4471-5361-0.pdf
272.0,Concise Guide to Databases,Peter Lake  Paul Crowther,2013.0,http://link.springer.com/openurl?genre=book&isbn=978-1-4471-5601-7,link.springer.com/content/pdf/10.1007%2F978-1-4471-5601-7.pdf
273.0,Digital Image Processing,Wilhelm Burger  Mark J. Burge,2nd ed.  2016,http://link.springer.com/openurl?genre=book&isbn=978-1-4471-6684-9,link.springer.com/content/pdf/10.1007%2F978-1-4471-6684-9.pdf
274.0,Chemical and Bioprocess Engineering,Ricardo Simpson  Sudhir K. Sastry,2013.0,http://link.springer.com/openurl?genre=book&isbn=978-1-4614-9126-2,link.springer.com/content/pdf/10.1007%2F978-1-4614-9126-2.pdf
275.0,Transmission Electron Microscopy,David B. Williams  C. Barry Carter,1996.0,http://link.springer.com/openurl?genre=book&isbn=978-1-4757-2519-3,link.springer.com/content/pdf/10.1007%2F978-1-4757-2519-3.pdf
276.0,Guide to Computer Network Security,Joseph Migga Kizza,4th ed.  2017,http://link.springer.com/openurl?genre=book&isbn=978-3-319-55606-2,link.springer.com/content/pdf/10.1007%2F978-3-319-55606-2.pdf
277.0,Introduction to Law,Jaap Hage  Antonia Waltermann   Bram Akkermans,2nd ed.  2017,http://link.springer.com/openurl?genre=book&isbn=978-3-319-57252-9,link.springer.com/content/pdf/10.1007%2F978-3-319-57252-9.pdf
278.0,Advanced Quantum Mechanics,RAINER DICK,2nd ed.  2016,http://link.springer.com/openurl?genre=book&isbn=978-3-319-25675-7,link.springer.com/content/pdf/10.1007%2F978-3-319-25675-7.pdf
279.0,Bayesian Essentials with R,Jean-Michel Marin  Christian P.  Robert,2nd ed.  2014,http://link.springer.com/openurl?genre=book&isbn=978-1-4614-8687-9,link.springer.com/content/pdf/10.1007%2F978-1-4614-8687-9.pdf
280.0,Robotics  Vision and Control,Peter Corke,2011.0,http://link.springer.com/openurl?genre=book&isbn=978-3-642-20144-8,link.springer.com/content/pdf/10.1007%2F978-3-642-20144-8.pdf
281.0,Applied Chemistry,Oleg Roussak  H. D. Gesser,2nd ed.  2013,http://link.springer.com/openurl?genre=book&isbn=978-1-4614-4262-2,link.springer.com/content/pdf/10.1007%2F978-1-4614-4262-2.pdf
282.0,Advanced Organic Chemistry,Francis A. Carey  Richard J. Sundberg,5th ed.  2007,http://link.springer.com/openurl?genre=book&isbn=978-0-387-44899-2,link.springer.com/content/pdf/10.1007%2F978-0-387-44899-2.pdf
283.0,Advanced Organic Chemistry,Francis A. Carey  Richard J. Sundberg,5th ed.  2007,http://link.springer.com/openurl?genre=book&isbn=978-0-387-71481-3,link.springer.com/content/pdf/10.1007%2F978-0-387-71481-3.pdf
284.0,International Humanitarian Action,Hans-Joachim Heintze  Pierre  Thielbörger,1st ed.  2018,http://link.springer.com/openurl?genre=book&isbn=978-3-319-14454-2,link.springer.com/content/pdf/10.1007%2F978-3-319-14454-2.pdf
285.0,Breast Cancer,Paolo Veronesi  Oreste Davide  Gentilini  Maria Cristina Leonardi,1st ed.  2017,http://link.springer.com/openurl?genre=book&isbn=978-3-319-48848-6,link.springer.com/content/pdf/10.1007%2F978-3-319-48848-6.pdf
286.0,Travel Marketing  Tourism Economics and the Airline Product,Mark Anthony Camilleri,1st ed.  2018,http://link.springer.com/openurl?genre=book&isbn=978-3-319-49849-2,link.springer.com/content/pdf/10.1007%2F978-3-319-49849-2.pdf
287.0,Electronic Commerce 2018,King  Jae Kyu Lee  Ting-Peng Liang   Deborrah C. Turban,9th ed.  2018,http://link.springer.com/openurl?genre=book&isbn=978-3-319-58715-8,link.springer.com/content/pdf/10.1007%2F978-3-319-58715-8.pdf
288.0,Disability and Vocational Rehabilitation in Rural Settings,Debra A. Harley  Noel A. Ysasi   Malachy L. Bishop  Allison R. Fleming,1st ed.  2018,http://link.springer.com/openurl?genre=book&isbn=978-3-319-64786-9,link.springer.com/content/pdf/10.1007%2F978-3-319-64786-9.pdf
289.0,Teaching Medicine and Medical Ethics Using Popular Culture,Evie Kendal  Basia Diug,1st ed.  2017,http://link.springer.com/openurl?genre=book&isbn=978-3-319-65451-5,link.springer.com/content/pdf/10.1007%2F978-3-319-65451-5.pdf
290.0,Market Research,Erik Mooi  Marko Sarstedt  Irma Mooi- Reci,1st ed.  2018,http://link.springer.com/openurl?genre=book&isbn=978-981-10-5218-7,link.springer.com/content/pdf/10.1007%2F978-981-10-5218-7.pdf
291.0,Scanning Electron Microscopy and X-Ray Microanalysis,Joseph R. Michael  Nicholas W.M.  Ritchie  John Henry J. Scott  David C. ,4th ed.  2018,http://link.springer.com/openurl?genre=book&isbn=978-1-4939-6676-9,link.springer.com/content/pdf/10.1007%2F978-1-4939-6676-9.pdf
292.0,ArcGIS for Environmental and Water Issues,William Bajjali,1st ed.  2018,http://link.springer.com/openurl?genre=book&isbn=978-3-319-61158-7,link.springer.com/content/pdf/10.1007%2F978-3-319-61158-7.pdf
293.0,Physics from Symmetry,Jakob Schwichtenberg,2nd ed.  2018,http://link.springer.com/openurl?genre=book&isbn=978-3-319-66631-0,link.springer.com/content/pdf/10.1007%2F978-3-319-66631-0.pdf
294.0,Communication and Bioethics at the End of Life,Lori A. Roscoe  David P. Schenck,1st ed.  2017,http://link.springer.com/openurl?genre=book&isbn=978-3-319-70920-8,link.springer.com/content/pdf/10.1007%2F978-3-319-70920-8.pdf
295.0,Foundations of Programming Languages,Kent D. Lee,2nd ed.  2017,http://link.springer.com/openurl?genre=book&isbn=978-3-319-70790-7,link.springer.com/content/pdf/10.1007%2F978-3-319-70790-7.pdf
296.0,Problems in Classical Electromagnetism,Andrea Macchi  Giovanni Moruzzi   Francesco Pegoraro,1st ed.  2017,http://link.springer.com/openurl?genre=book&isbn=978-3-319-63133-2,link.springer.com/content/pdf/10.1007%2F978-3-319-63133-2.pdf
297.0,Polymer Chemistry,Sebastian Koltzenburg  Michael  Maskos  Oskar Nuyken,1st ed.  2017,http://link.springer.com/openurl?genre=book&isbn=978-3-662-49279-6,link.springer.com/content/pdf/10.1007%2F978-3-662-49279-6.pdf
298.0,Probability and Statistics for Computer Science,David Forsyth,1st ed.  2018,http://link.springer.com/openurl?genre=book&isbn=978-3-319-64410-3,link.springer.com/content/pdf/10.1007%2F978-3-319-64410-3.pdf
299.0,Empathetic Space on Screen,Amedeo D'Adamo,1st ed.  2018,http://link.springer.com/openurl?genre=book&isbn=978-3-319-66772-0,link.springer.com/content/pdf/10.1007%2F978-3-319-66772-0.pdf
300.0,Political Social Work,Shannon R. Lane  Suzanne Pritzker,1st ed.  2018,http://link.springer.com/openurl?genre=book&isbn=978-3-319-68588-5,link.springer.com/content/pdf/10.1007%2F978-3-319-68588-5.pdf
301.0,Introductory Quantum Mechanics,Paul R. Berman,1st ed.  2018,http://link.springer.com/openurl?genre=book&isbn=978-3-319-68598-4,link.springer.com/content/pdf/10.1007%2F978-3-319-68598-4.pdf
302.0,Guide to Competitive Programming,Antti Laaksonen,1st ed.  2017,http://link.springer.com/openurl?genre=book&isbn=978-3-319-72547-5,link.springer.com/content/pdf/10.1007%2F978-3-319-72547-5.pdf
303.0,Introduction to Artificial Intelligence,Wolfgang Ertel,2nd ed.  2017,http://link.springer.com/openurl?genre=book&isbn=978-3-319-58487-4,link.springer.com/content/pdf/10.1007%2F978-3-319-58487-4.pdf
304.0,Bioinformatics for Evolutionary Biologists,Bernhard Haubold  Angelika Börsch- Haubold,1st ed.  2017,http://link.springer.com/openurl?genre=book&isbn=978-3-319-67395-0,link.springer.com/content/pdf/10.1007%2F978-3-319-67395-0.pdf
305.0,Concepts  Methods and Practical Applications in Applied Demography,Richard K. Thomas,1st ed.  2018,http://link.springer.com/openurl?genre=book&isbn=978-3-319-65439-3,link.springer.com/content/pdf/10.1007%2F978-3-319-65439-3.pdf
306.0,Introduction to Deep Learning,Sandro Skansi,1st ed.  2018,http://link.springer.com/openurl?genre=book&isbn=978-3-319-73004-2,link.springer.com/content/pdf/10.1007%2F978-3-319-73004-2.pdf
307.0,Energy and the Wealth of Nations,Charles A.S. Hall  Kent Klitgaard,2nd ed.  2018,http://link.springer.com/openurl?genre=book&isbn=978-3-319-66219-0,link.springer.com/content/pdf/10.1007%2F978-3-319-66219-0.pdf
308.0,A Beginner's Guide to Scala  Object Orientation and Functional Program,John Hunt,2nd ed.  2018,http://link.springer.com/openurl?genre=book&isbn=978-3-319-75771-1,link.springer.com/content/pdf/10.1007%2F978-3-319-75771-1.pdf
309.0,Lessons on Synthetic Bioarchitectures,Eva-Kathrin Ehmoser-Sinner  Cherng- Wen Darren Tan,1st ed.  2018,http://link.springer.com/openurl?genre=book&isbn=978-3-319-73123-0,link.springer.com/content/pdf/10.1007%2F978-3-319-73123-0.pdf
310.0,Managing Sustainable Business,Gilbert G. Lenssen  N. Craig Smith,1st ed.  2019,http://link.springer.com/openurl?genre=book&isbn=978-94-024-1144-7,link.springer.com/content/pdf/10.1007%2F978-94-024-1144-7.pdf
311.0,Engineering Mechanics 2,Schröder  Wolfgang A. Wall  Javier  Bonet,2nd ed.  2018,http://link.springer.com/openurl?genre=book&isbn=978-3-662-56272-7,link.springer.com/content/pdf/10.1007%2F978-3-662-56272-7.pdf
312.0,Fundamentals of Business Process Management,Marlon Dumas  Marcello La Rosa  Jan  Mendling  Hajo A. Reijers,2nd ed.  2018,http://link.springer.com/openurl?genre=book&isbn=978-3-662-56509-4,link.springer.com/content/pdf/10.1007%2F978-3-662-56509-4.pdf
313.0,Clinical Methods in Medical Family Therapy,Tai Mendenhall  Angela Lamson   Jennifer Hodgson  Macaran Baird,1st ed.  2018,http://link.springer.com/openurl?genre=book&isbn=978-3-319-68834-3,link.springer.com/content/pdf/10.1007%2F978-3-319-68834-3.pdf
314.0,Guide to Scientific Computing in C++,Joe Pitt-Francis  Jonathan Whiteley,2nd ed.  2017,http://link.springer.com/openurl?genre=book&isbn=978-3-319-73132-2,link.springer.com/content/pdf/10.1007%2F978-3-319-73132-2.pdf
315.0,Motivation and Action ,Jutta Heckhausen  Heinz Heckhausen,3rd ed.  2018,http://link.springer.com/openurl?genre=book&isbn=978-3-319-65094-4,link.springer.com/content/pdf/10.1007%2F978-3-319-65094-4.pdf
316.0,Perspectives on Elderly Crime and Victimization,Peter C. Kratcoski  Maximilian  Edelbacher,1st ed.  2018,http://link.springer.com/openurl?genre=book&isbn=978-3-319-72682-3,link.springer.com/content/pdf/10.1007%2F978-3-319-72682-3.pdf
317.0,Knowledge Management,Klaus North  Gita Kumta,2nd ed.  2018,http://link.springer.com/openurl?genre=book&isbn=978-3-319-59978-6,link.springer.com/content/pdf/10.1007%2F978-3-319-59978-6.pdf
318.0,An Introduction to Zooarchaeology,Diane Gifford-Gonzalez,1st ed.  2018,http://link.springer.com/openurl?genre=book&isbn=978-3-319-65682-3,link.springer.com/content/pdf/10.1007%2F978-3-319-65682-3.pdf
319.0,Abstract Algebra,Gregory T. Lee,1st ed.  2018,http://link.springer.com/openurl?genre=book&isbn=978-3-319-77649-1,link.springer.com/content/pdf/10.1007%2F978-3-319-77649-1.pdf
320.0,Criminal Justice and Mental Health,Jada Hector  David Khey,1st ed.  2018,http://link.springer.com/openurl?genre=book&isbn=978-3-319-76442-9,link.springer.com/content/pdf/10.1007%2F978-3-319-76442-9.pdf
321.0,Philosophy of Race,Naomi Zack,1st ed.  2018,http://link.springer.com/openurl?genre=book&isbn=978-3-319-78729-9,link.springer.com/content/pdf/10.1007%2F978-3-319-78729-9.pdf
322.0,Of Cigarettes  High Heels  and Other Interesting Things,Marcel Danesi,3rd ed.  2018,http://link.springer.com/openurl?genre=book&isbn=978-1-349-95348-6,link.springer.com/content/pdf/10.1057%2F978-1-349-95348-6.pdf
323.0,Applied Bioinformatics,Paul M. Selzer  Richard J. Marhöfer   Oliver Koch,2nd ed.  2018,http://link.springer.com/openurl?genre=book&isbn=978-3-319-68301-0,link.springer.com/content/pdf/10.1007%2F978-3-319-68301-0.pdf
324.0,Linear Algebra and Analytic Geometry for Physical Sciences,Giovanni Landi  Alessandro Zampini,1st ed.  2018,http://link.springer.com/openurl?genre=book&isbn=978-3-319-78361-1,link.springer.com/content/pdf/10.1007%2F978-3-319-78361-1.pdf
325.0,Building Energy Modeling with OpenStudio,Larry Brackney  Andrew Parker   Daniel Macumber  Kyle Benne,1st ed.  2018,http://link.springer.com/openurl?genre=book&isbn=978-3-319-77809-9,link.springer.com/content/pdf/10.1007%2F978-3-319-77809-9.pdf
326.0,Customer Relationship Management,V. Kumar  Werner Reinartz,3rd ed.  2018,http://link.springer.com/openurl?genre=book&isbn=978-3-662-55381-7,link.springer.com/content/pdf/10.1007%2F978-3-662-55381-7.pdf
327.0,The A-Z of the PhD Trajectory,Eva O. L. Lantsoght,1st ed.  2018,http://link.springer.com/openurl?genre=book&isbn=978-3-319-77425-1,link.springer.com/content/pdf/10.1007%2F978-3-319-77425-1.pdf
328.0,Strategic Human Resource Management and Employment Relations,Ashish Malik,1st ed.  2018,http://link.springer.com/openurl?genre=book&isbn=978-981-13-0399-9,link.springer.com/content/pdf/10.1007%2F978-981-13-0399-9.pdf
329.0,Applied Linear Algebra,Peter J. Olver  Chehrzad Shakiban,2nd ed.  2018,http://link.springer.com/openurl?genre=book&isbn=978-3-319-91041-3,link.springer.com/content/pdf/10.1007%2F978-3-319-91041-3.pdf
330.0,Witnessing Torture,Alexandra S. Moore  Elizabeth  Swanson,1st ed.  2018,http://link.springer.com/openurl?genre=book&isbn=978-3-319-74965-5,link.springer.com/content/pdf/10.1007%2F978-3-319-74965-5.pdf
331.0,Proofs from THE BOOK,Martin Aigner  Günter M. Ziegler,6th ed.  2018,http://link.springer.com/openurl?genre=book&isbn=978-3-662-57265-8,link.springer.com/content/pdf/10.1007%2F978-3-662-57265-8.pdf
332.0,Introduction to General Relativity,Cosimo Bambi,1st ed.  2018,http://link.springer.com/openurl?genre=book&isbn=978-981-13-1090-4,link.springer.com/content/pdf/10.1007%2F978-981-13-1090-4.pdf
333.0,Introduction to Particle and Astroparticle Physics,Alessandro De Angelis  Mário Pimenta,2nd ed.  2018,http://link.springer.com/openurl?genre=book&isbn=978-3-319-78181-5,link.springer.com/content/pdf/10.1007%2F978-3-319-78181-5.pdf
334.0,Fundamentals of Java Programming,Mitsunori Ogihara,1st ed.  2018,http://link.springer.com/openurl?genre=book&isbn=978-3-319-89491-1,link.springer.com/content/pdf/10.1007%2F978-3-319-89491-1.pdf
335.0,Optimization of Process Flowsheets through Metaheuristic Techniques ,José María Ponce-Ortega  Luis  Germán Hernández-Pérez,1st ed.  2019,http://link.springer.com/openurl?genre=book&isbn=978-3-319-91722-1,link.springer.com/content/pdf/10.1007%2F978-3-319-91722-1.pdf
336.0,Robotics,Jadran Lenarčič  Aleš Stanovnik   Marko Munih  Jure Rejc  Sebastjan ,2nd ed.  2019,http://link.springer.com/openurl?genre=book&isbn=978-3-319-72911-4,link.springer.com/content/pdf/10.1007%2F978-3-319-72911-4.pdf
337.0,Business Ethics - A Philosophical and Behavioral Approach,Christian A. Conrad,1st ed.  2018,http://link.springer.com/openurl?genre=book&isbn=978-3-319-91575-3,link.springer.com/content/pdf/10.1007%2F978-3-319-91575-3.pdf
338.0,A First Introduction to Quantum Physics,Pieter Kok,1st ed.  2018,http://link.springer.com/openurl?genre=book&isbn=978-3-319-92207-2,link.springer.com/content/pdf/10.1007%2F978-3-319-92207-2.pdf
339.0,Argumentation Theory: A Pragma-Dialectical Perspective,Frans H. van Eemeren,1st ed.  2018,http://link.springer.com/openurl?genre=book&isbn=978-3-319-95381-6,link.springer.com/content/pdf/10.1007%2F978-3-319-95381-6.pdf
340.0,Logical Foundations of Cyber-Physical Systems,André Platzer,1st ed.  2018,http://link.springer.com/openurl?genre=book&isbn=978-3-319-63588-0,link.springer.com/content/pdf/10.1007%2F978-3-319-63588-0.pdf
341.0,Off-Grid Electrical Systems in Developing Countries,Henry Louie,1st ed.  2018,http://link.springer.com/openurl?genre=book&isbn=978-3-319-91890-7,link.springer.com/content/pdf/10.1007%2F978-3-319-91890-7.pdf
342.0,Entertainment Science,Thorsten Hennig-Thurau  Mark B.  Houston,1st ed.  2019,http://link.springer.com/openurl?genre=book&isbn=978-3-319-89292-4,link.springer.com/content/pdf/10.1007%2F978-3-319-89292-4.pdf
343.0,Physics of Oscillations and Waves,Arnt Inge Vistnes,1st ed.  2018,http://link.springer.com/openurl?genre=book&isbn=978-3-319-72314-3,link.springer.com/content/pdf/10.1007%2F978-3-319-72314-3.pdf
344.0,Introduction to Programming with Fortran,Ian Chivers  Jane Sleightholme,4th ed.  2018,http://link.springer.com/openurl?genre=book&isbn=978-3-319-75502-1,link.springer.com/content/pdf/10.1007%2F978-3-319-75502-1.pdf
345.0,Fundamentals of Solid State Engineering,Manijeh Razeghi,4th ed.  2019,http://link.springer.com/openurl?genre=book&isbn=978-3-319-75708-7,link.springer.com/content/pdf/10.1007%2F978-3-319-75708-7.pdf
346.0,Introduction to Digital Systems Design,Giuliano Donzellini  Luca Oneto   Domenico Ponta  Davide Anguita,1st ed.  2019,http://link.springer.com/openurl?genre=book&isbn=978-3-319-92804-3,link.springer.com/content/pdf/10.1007%2F978-3-319-92804-3.pdf
347.0,Neural Networks and Deep Learning,Charu C. Aggarwal,1st ed.  2018,http://link.springer.com/openurl?genre=book&isbn=978-3-319-94463-0,link.springer.com/content/pdf/10.1007%2F978-3-319-94463-0.pdf
348.0,Data Science and Predictive Analytics,Ivo D. Dinov,1st ed.  2018,http://link.springer.com/openurl?genre=book&isbn=978-3-319-72347-1,link.springer.com/content/pdf/10.1007%2F978-3-319-72347-1.pdf
349.0,Systems Programming in Unix/Linux,K.C. Wang,1st ed.  2018,http://link.springer.com/openurl?genre=book&isbn=978-3-319-92429-8,link.springer.com/content/pdf/10.1007%2F978-3-319-92429-8.pdf
350.0,Analytical Corporate Finance,Angelo Corelli,2nd ed.  2018,http://link.springer.com/openurl?genre=book&isbn=978-3-319-95762-3,link.springer.com/content/pdf/10.1007%2F978-3-319-95762-3.pdf
351.0,Fraud and Corruption,Peter C. Kratcoski  Maximilian  Edelbacher,1st ed.  2018,http://link.springer.com/openurl?genre=book&isbn=978-3-319-92333-8,link.springer.com/content/pdf/10.1007%2F978-3-319-92333-8.pdf
352.0,Conferencing and Presentation English for Young Academics,Michael Guest,1st ed.  2018,http://link.springer.com/openurl?genre=book&isbn=978-981-13-2475-8,link.springer.com/content/pdf/10.1007%2F978-981-13-2475-8.pdf
353.0,A Concise Guide to Market Research,Marko Sarstedt  Erik Mooi,3rd ed.  2019,http://link.springer.com/openurl?genre=book&isbn=978-3-662-56707-4,link.springer.com/content/pdf/10.1007%2F978-3-662-56707-4.pdf
354.0,Global Supply Chain and Operations Management,Dmitry Ivanov  Alexander  Tsipoulanidis  Jörn Schönberger,2nd ed.  2019,http://link.springer.com/openurl?genre=book&isbn=978-3-319-94313-8,link.springer.com/content/pdf/10.1007%2F978-3-319-94313-8.pdf
355.0,Introduction to Parallel Computing,Roman Trobec  Boštjan Slivnik   Patricio Bulić  Borut Robič,1st ed.  2018,http://link.springer.com/openurl?genre=book&isbn=978-3-319-98833-7,link.springer.com/content/pdf/10.1007%2F978-3-319-98833-7.pdf
356.0,Mathematical Logic,Roman Kossak,1st ed.  2018,http://link.springer.com/openurl?genre=book&isbn=978-3-319-97298-5,link.springer.com/content/pdf/10.1007%2F978-3-319-97298-5.pdf
357.0,Stability and Control of Linear Systems,Andrea Bacciotti,1st ed.  2019,http://link.springer.com/openurl?genre=book&isbn=978-3-030-02405-5,link.springer.com/content/pdf/10.1007%2F978-3-030-02405-5.pdf
358.0,Introduction to Formal Philosophy,Sven Ove Hansson  Vincent F.  Hendricks,1st ed.  2018,http://link.springer.com/openurl?genre=book&isbn=978-3-319-77434-3,link.springer.com/content/pdf/10.1007%2F978-3-319-77434-3.pdf
359.0,Analysis for Computer Scientists,Michael Oberguggenberger   Alexander Ostermann,2nd ed.  2018,http://link.springer.com/openurl?genre=book&isbn=978-3-319-91155-7,link.springer.com/content/pdf/10.1007%2F978-3-319-91155-7.pdf
360.0,International Business Management,Kamal Fatehi  Jeongho Choi,2nd ed.  2019,http://link.springer.com/openurl?genre=book&isbn=978-3-319-96622-9,link.springer.com/content/pdf/10.1007%2F978-3-319-96622-9.pdf
361.0,Research Methods for the Digital Humanities,lewis levenberg  Tai Neilson  David  Rheams,1st ed.  2018,http://link.springer.com/openurl?genre=book&isbn=978-3-319-96713-4,link.springer.com/content/pdf/10.1007%2F978-3-319-96713-4.pdf
362.0,Introductory Computer Forensics,Xiaodong Lin,1st ed.  2018,http://link.springer.com/openurl?genre=book&isbn=978-3-030-00581-8,link.springer.com/content/pdf/10.1007%2F978-3-030-00581-8.pdf
363.0,Control Engineering,László Keviczky  Ruth Bars  Jenő  Hetthéssy  Csilla Bányász,1st ed.  2019,http://link.springer.com/openurl?genre=book&isbn=978-981-10-8297-9,link.springer.com/content/pdf/10.1007%2F978-981-10-8297-9.pdf
364.0,Control Engineering: MATLAB Exercises,László Keviczky  Ruth Bars  Jenő  Hetthéssy  Csilla Bányász,1st ed.  2019,http://link.springer.com/openurl?genre=book&isbn=978-981-10-8321-1,link.springer.com/content/pdf/10.1007%2F978-981-10-8321-1.pdf
365.0,ENZYMES: Catalysis  Kinetics and Mechanisms,N.S. Punekar,1st ed.  2018,http://link.springer.com/openurl?genre=book&isbn=978-981-13-0785-0,link.springer.com/content/pdf/10.1007%2F978-981-13-0785-0.pdf
366.0,Automatic Control with Experiments,Victor Manuel Hernández-Guzmán   Ramón Silva-Ortigoza,1st ed.  2019,http://link.springer.com/openurl?genre=book&isbn=978-3-319-75804-6,link.springer.com/content/pdf/10.1007%2F978-3-319-75804-6.pdf
367.0,Internet of Things From Hype to Reality,Ammar Rayes  Samer Salam,2nd ed.  2019,http://link.springer.com/openurl?genre=book&isbn=978-3-319-99516-8,link.springer.com/content/pdf/10.1007%2F978-3-319-99516-8.pdf
368.0,Quantitative Methods for the Social Sciences,Daniel Stockemer,1st ed.  2019,http://link.springer.com/openurl?genre=book&isbn=978-3-319-99118-4,link.springer.com/content/pdf/10.1007%2F978-3-319-99118-4.pdf
369.0,A Pythagorean Introduction to Number Theory,Ramin Takloo-Bighash,1st ed.  2018,http://link.springer.com/openurl?genre=book&isbn=978-3-030-02604-2,link.springer.com/content/pdf/10.1007%2F978-3-030-02604-2.pdf
370.0,Philosophical and Mathematical Logic,Harrie de Swart,1st ed.  2018,http://link.springer.com/openurl?genre=book&isbn=978-3-030-03255-5,link.springer.com/content/pdf/10.1007%2F978-3-030-03255-5.pdf
371.0,Structural Dynamics,Mario Paz  Young Hoon Kim,6th ed.  2019,http://link.springer.com/openurl?genre=book&isbn=978-3-319-94743-3,link.springer.com/content/pdf/10.1007%2F978-3-319-94743-3.pdf
372.0,Plant Physiology  Development and Metabolism,Satish C Bhatla  Manju A. Lal,1st ed.  2018,http://link.springer.com/openurl?genre=book&isbn=978-981-13-2023-1,link.springer.com/content/pdf/10.1007%2F978-981-13-2023-1.pdf
373.0,Quantum Mechanics for Pedestrians 1,Jochen Pade,2nd ed.  2018,http://link.springer.com/openurl?genre=book&isbn=978-3-030-00464-4,link.springer.com/content/pdf/10.1007%2F978-3-030-00464-4.pdf
374.0,Plant Anatomy,Richard Crang  Sheila Lyons-Sobaski   Robert Wise,1st ed.  2018,http://link.springer.com/openurl?genre=book&isbn=978-3-319-77315-5,link.springer.com/content/pdf/10.1007%2F978-3-319-77315-5.pdf
375.0,Quantum Mechanics for Pedestrians 2,Jochen Pade,2nd ed.  2018,http://link.springer.com/openurl?genre=book&isbn=978-3-030-00467-5,link.springer.com/content/pdf/10.1007%2F978-3-030-00467-5.pdf
376.0,Excel Data Analysis,Hector Guerrero,2nd ed.  2019,http://link.springer.com/openurl?genre=book&isbn=978-3-030-01279-3,link.springer.com/content/pdf/10.1007%2F978-3-030-01279-3.pdf
377.0,Quick Start Guide to VHDL,Brock J. LaMeres,1st ed.  2019,http://link.springer.com/openurl?genre=book&isbn=978-3-030-04516-6,link.springer.com/content/pdf/10.1007%2F978-3-030-04516-6.pdf
378.0,Java in Two Semesters,Quentin Charatan  Aaron Kans,4th ed.  2019,http://link.springer.com/openurl?genre=book&isbn=978-3-319-99420-8,link.springer.com/content/pdf/10.1007%2F978-3-319-99420-8.pdf
379.0,Managing Media and Digital Organizations,Eli M. Noam,1st ed.  2019,http://link.springer.com/openurl?genre=book&isbn=978-3-319-71288-8,link.springer.com/content/pdf/10.1007%2F978-3-319-71288-8.pdf
380.0,Media and Digital Management,Eli M. Noam,1st ed.  2019,http://link.springer.com/openurl?genre=book&isbn=978-3-319-72000-5,link.springer.com/content/pdf/10.1007%2F978-3-319-72000-5.pdf
381.0,An Anthology of London in Literature  1558-1914,Geoffrey G. Hiller  Peter L. Groves   Alan F. Dilnot,1st ed.  2019,http://link.springer.com/openurl?genre=book&isbn=978-3-030-05609-4,link.springer.com/content/pdf/10.1007%2F978-3-030-05609-4.pdf
382.0,Astronautics,Ulrich Walter,3rd ed.  2018,http://link.springer.com/openurl?genre=book&isbn=978-3-319-74373-8,link.springer.com/content/pdf/10.1007%2F978-3-319-74373-8.pdf
383.0,Perceptual Organization,Stephen Handel,1st ed.  2019,http://link.springer.com/openurl?genre=book&isbn=978-3-319-96337-2,link.springer.com/content/pdf/10.1007%2F978-3-319-96337-2.pdf
384.0,Research Methods for Social Justice and Equity in Education,Kamden K. Strunk  Leslie Ann Locke,1st ed.  2019,http://link.springer.com/openurl?genre=book&isbn=978-3-030-05900-2,link.springer.com/content/pdf/10.1007%2F978-3-030-05900-2.pdf
385.0,Educational Technology,Ronghuai Huang  J. Michael Spector   Junfeng Yang,1st ed.  2019,http://link.springer.com/openurl?genre=book&isbn=978-981-13-6643-7,link.springer.com/content/pdf/10.1007%2F978-981-13-6643-7.pdf
386.0,Quick Start Guide to Verilog,Brock J. LaMeres,1st ed.  2019,http://link.springer.com/openurl?genre=book&isbn=978-3-030-10552-5,link.springer.com/content/pdf/10.1007%2F978-3-030-10552-5.pdf
387.0,Spine Surgery,Bernhard Meyer  Michael  Rauschmann,1st ed.  2019,http://link.springer.com/openurl?genre=book&isbn=978-3-319-98875-7,link.springer.com/content/pdf/10.1007%2F978-3-319-98875-7.pdf
388.0,Introduction to Logic Circuits & Logic Design with VHDL ,Brock J. LaMeres,2nd ed.  2019,http://link.springer.com/openurl?genre=book&isbn=978-3-030-12489-2,link.springer.com/content/pdf/10.1007%2F978-3-030-12489-2.pdf
389.0,Social Justice Theory and Practice for Social Work,Lynelle Watts  David Hodgson,1st ed.  2019,http://link.springer.com/openurl?genre=book&isbn=978-981-13-3621-8,link.springer.com/content/pdf/10.1007%2F978-981-13-3621-8.pdf
390.0,School Leadership and Educational Change in Singapore,Benjamin Wong  Salleh Hairon  Pak  Tee Ng,1st ed.  2019,http://link.springer.com/openurl?genre=book&isbn=978-3-319-74746-0,link.springer.com/content/pdf/10.1007%2F978-3-319-74746-0.pdf
391.0,Digital Business Models,Bernd W. Wirtz,1st ed.  2019,http://link.springer.com/openurl?genre=book&isbn=978-3-030-13005-3,link.springer.com/content/pdf/10.1007%2F978-3-030-13005-3.pdf
392.0,Introduction to Logic Circuits & Logic Design with Verilog,Brock J. LaMeres,2nd ed.  2019,http://link.springer.com/openurl?genre=book&isbn=978-3-030-13605-5,link.springer.com/content/pdf/10.1007%2F978-3-030-13605-5.pdf
393.0,Pharmaceutical Biotechnology,Daan J. A. Crommelin  Robert D.  Sindelar  Bernd Meibohm,5th ed.  2019,http://link.springer.com/openurl?genre=book&isbn=978-3-030-00710-2,link.springer.com/content/pdf/10.1007%2F978-3-030-00710-2.pdf
394.0,Mapping Global Theatre Histories,Mark Pizzato,1st ed.  2019,http://link.springer.com/openurl?genre=book&isbn=978-3-030-12727-5,link.springer.com/content/pdf/10.1007%2F978-3-030-12727-5.pdf
395.0,Social Marketing in Action,Debra Z. Basil  Gonzalo Diaz-Meneses   Michael D. Basil,1st ed.  2019,http://link.springer.com/openurl?genre=book&isbn=978-3-030-13020-6,link.springer.com/content/pdf/10.1007%2F978-3-030-13020-6.pdf
396.0,Analyzing Qualitative Data with MAXQDA,Udo Kuckartz  Stefan Rädiker,1st ed.  2019,http://link.springer.com/openurl?genre=book&isbn=978-3-030-15671-8,link.springer.com/content/pdf/10.1007%2F978-3-030-15671-8.pdf
397.0,Handbook of Evolutionary Research in Archaeology,Anna Marie Prentiss,1st ed.  2019,http://link.springer.com/openurl?genre=book&isbn=978-3-030-11117-5,link.springer.com/content/pdf/10.1007%2F978-3-030-11117-5.pdf
398.0,Evidence-Based Practice in Clinical Social Work,James W. Drisko  Melissa D. Grady,2nd ed.  2019,http://link.springer.com/openurl?genre=book&isbn=978-3-030-15224-6,link.springer.com/content/pdf/10.1007%2F978-3-030-15224-6.pdf
399.0,Foundations of Behavioral Health,Bruce Lubotsky Levin  Ardis Hanson,1st ed.  2020,http://link.springer.com/openurl?genre=book&isbn=978-3-030-18435-3,link.springer.com/content/pdf/10.1007%2F978-3-030-18435-3.pdf
400.0,Social Psychology in Action,Kai Sassenberg  Michael L.W. Vliek,1st ed.  2019,http://link.springer.com/openurl?genre=book&isbn=978-3-030-13788-5,link.springer.com/content/pdf/10.1007%2F978-3-030-13788-5.pdf
401.0,Essentials of Business Analytics,Bhimasankaram Pochiraju  Sridhar  Seshadri,1st ed.  2019,http://link.springer.com/openurl?genre=book&isbn=978-3-319-68837-4,link.springer.com/content/pdf/10.1007%2F978-3-319-68837-4.pdf
402.0,A Course in Rasch Measurement Theory,David Andrich  Ida Marais,1st ed.  2019,http://link.springer.com/openurl?genre=book&isbn=978-981-13-7496-8,link.springer.com/content/pdf/10.1007%2F978-981-13-7496-8.pdf
403.0,Multimedia Big Data Computing for IoT Applications,Sudeep Tanwar  Sudhanshu Tyagi   Neeraj Kumar,1st ed.  2020,http://link.springer.com/openurl?genre=book&isbn=978-981-13-8759-3,link.springer.com/content/pdf/10.1007%2F978-981-13-8759-3.pdf
404.0,Policing and Minority Communities,James F. Albrecht  Garth den Heyer   Perry Stanislas,1st ed.  2019,http://link.springer.com/openurl?genre=book&isbn=978-3-030-19182-5,link.springer.com/content/pdf/10.1007%2F978-3-030-19182-5.pdf
405.0,A Beginners Guide to Python 3 Programming,John Hunt,1st ed.  2019,http://link.springer.com/openurl?genre=book&isbn=978-3-030-20290-3,link.springer.com/content/pdf/10.1007%2F978-3-030-20290-3.pdf
406.0,Advanced Guide to Python 3 Programming,John Hunt,1st ed.  2019,http://link.springer.com/openurl?genre=book&isbn=978-3-030-25943-3,link.springer.com/content/pdf/10.1007%2F978-3-030-25943-3.pdf
